{"stat.flyOneCm":491,"stat.craftItem.minecraft.furnace":20,"stat.walkOneCm":26031,"stat.swimOneCm":84,"stat.jump":23,"stat.playOneMinute":83818,"achievement.openInventory":18,"stat.craftItem.toughasnails.campfire":1,"stat.pickup.minecraft.redstone_torch":4,"stat.leaveGame":1,"stat.sneakTime":186,"stat.craftItem.minecraft.lever":1,"stat.craftItem.minecraft.dirt":58,"stat.damageTaken":60,"stat.pickup.minecraft.redstone":2,"stat.crouchOneCm":121,"stat.timeSinceDeath":83818,"stat.pickup.toughasnails.torch_new":2,"stat.craftItem.minecraft.redstone":29,"stat.pickup.minecraft.dirt":1,"stat.craftItem.toughasnails.temperature_coil":3,"stat.mineBlock.minecraft.dirt":1,"achievement.exploreAllBiomes":{"value":0,"progress":["Plains"]}}