{"stat.flyOneCm":55,"stat.walkOneCm":29229,"stat.pickup.minecraft.wheat_seeds":2,"stat.jump":31,"stat.swimOneCm":8217,"stat.playOneMinute":33284,"achievement.openInventory":26,"stat.craftItem.toughasnails.campfire":1,"stat.damageTaken":10,"stat.craftItem.minecraft.dirt":64,"stat.timeSinceDeath":33284,"stat.pickup.minecraft.dirt":9,"stat.sprintOneCm":2484,"stat.mineBlock.minecraft.dirt":9,"achievement.exploreAllBiomes":{"value":0,"progress":["Beach","Plains"]},"stat.mineBlock.minecraft.tallgrass":11,"stat.diveOneCm":4208}